{"cameraMode":{"drawMode":0,"name":"Shaded","section":"Shading Mode"},"sceneLighting":true,"audioPlay":false,"sceneViewState":{"showFog":true,"showMaterialUpdate":false,"showSkybox":true,"showFlares":true,"showImageEffects":true,"showParticleSystems":true},"in2DMode":false,"pivot":{"x":-1.7356812953948975,"y":0.30563080310821535,"z":3.1176345348358156},"rotation":{"x":0.04505980387330055,"y":0.9535620212554932,"z":-0.2351824790239334,"w":0.18269748985767365},"size":2.4015583992004396,"orthographic":false}