{"cameraMode":{"drawMode":0,"name":"Shaded","section":"Shading Mode"},"sceneLighting":true,"audioPlay":false,"sceneViewState":{"showFog":true,"showMaterialUpdate":false,"showSkybox":true,"showFlares":true,"showImageEffects":true,"showParticleSystems":true},"in2DMode":false,"pivot":{"x":3.3627572059631349,"y":-1.8216601610183716,"z":-0.47158104181289675},"rotation":{"x":-0.004807797260582447,"y":0.9789261817932129,"z":-0.20283488929271699,"w":-0.023204535245895387},"size":18.722209930419923,"orthographic":false}