{"cameraMode":{"drawMode":0,"name":"Shaded","section":"Shading Mode"},"sceneLighting":true,"audioPlay":false,"sceneViewState":{"showFog":true,"showMaterialUpdate":false,"showSkybox":true,"showFlares":true,"showImageEffects":true,"showParticleSystems":true},"in2DMode":false,"pivot":{"x":0.2206622064113617,"y":0.8741179704666138,"z":0.921369194984436},"rotation":{"x":-0.08015143871307373,"y":0.5253521203994751,"z":-0.04979408159852028,"w":-0.8456367254257202},"size":10.815351486206055,"orthographic":false}